sample-id	absolute-filepath
SRR3216589_1	/home/shanbhog/skin_microbiome/raw_fastq/SRR3216589_1.fastq
SRR3216590_1	/home/shanbhog/skin_microbiome/raw_fastq/SRR3216590_1.fastq
SRR3216591_1	/home/shanbhog/skin_microbiome/raw_fastq/SRR3216591_1.fastq
SRR3216592_1	/home/shanbhog/skin_microbiome/raw_fastq/SRR3216592_1.fastq
SRR3216593_1	/home/shanbhog/skin_microbiome/raw_fastq/SRR3216593_1.fastq
SRR3216594_1	/home/shanbhog/skin_microbiome/raw_fastq/SRR3216594_1.fastq
SRR3216595_1	/home/shanbhog/skin_microbiome/raw_fastq/SRR3216595_1.fastq
SRR3216596_1	/home/shanbhog/skin_microbiome/raw_fastq/SRR3216596_1.fastq
SRR3216597_1	/home/shanbhog/skin_microbiome/raw_fastq/SRR3216597_1.fastq
SRR3216598_1	/home/shanbhog/skin_microbiome/raw_fastq/SRR3216598_1.fastq
SRR3216599_1	/home/shanbhog/skin_microbiome/raw_fastq/SRR3216599_1.fastq
SRR3216600_1	/home/shanbhog/skin_microbiome/raw_fastq/SRR3216600_1.fastq
SRR3216601_1	/home/shanbhog/skin_microbiome/raw_fastq/SRR3216601_1.fastq
SRR3216602_1	/home/shanbhog/skin_microbiome/raw_fastq/SRR3216602_1.fastq
SRR3216603_1	/home/shanbhog/skin_microbiome/raw_fastq/SRR3216603_1.fastq
SRR3216604_1	/home/shanbhog/skin_microbiome/raw_fastq/SRR3216604_1.fastq
SRR3216605_1	/home/shanbhog/skin_microbiome/raw_fastq/SRR3216605_1.fastq
SRR3216606_1	/home/shanbhog/skin_microbiome/raw_fastq/SRR3216606_1.fastq
SRR3216607_1	/home/shanbhog/skin_microbiome/raw_fastq/SRR3216607_1.fastq
SRR3216610_1	/home/shanbhog/skin_microbiome/raw_fastq/SRR3216610_1.fastq
SRR3216612_1	/home/shanbhog/skin_microbiome/raw_fastq/SRR3216612_1.fastq
SRR3216613_1	/home/shanbhog/skin_microbiome/raw_fastq/SRR3216613_1.fastq
SRR3216614_1	/home/shanbhog/skin_microbiome/raw_fastq/SRR3216614_1.fastq
SRR3216615_1	/home/shanbhog/skin_microbiome/raw_fastq/SRR3216615_1.fastq
SRR3216616_1	/home/shanbhog/skin_microbiome/raw_fastq/SRR3216616_1.fastq
SRR3216617_1	/home/shanbhog/skin_microbiome/raw_fastq/SRR3216617_1.fastq
SRR3216618_1	/home/shanbhog/skin_microbiome/raw_fastq/SRR3216618_1.fastq
SRR3216619_1	/home/shanbhog/skin_microbiome/raw_fastq/SRR3216619_1.fastq
SRR3216620_1	/home/shanbhog/skin_microbiome/raw_fastq/SRR3216620_1.fastq
SRR3216621_1	/home/shanbhog/skin_microbiome/raw_fastq/SRR3216621_1.fastq
SRR3216622_1	/home/shanbhog/skin_microbiome/raw_fastq/SRR3216622_1.fastq
SRR3216623_1	/home/shanbhog/skin_microbiome/raw_fastq/SRR3216623_1.fastq
SRR3216624_1	/home/shanbhog/skin_microbiome/raw_fastq/SRR3216624_1.fastq
SRR3216625_1	/home/shanbhog/skin_microbiome/raw_fastq/SRR3216625_1.fastq
SRR3216626_1	/home/shanbhog/skin_microbiome/raw_fastq/SRR3216626_1.fastq
SRR3216627_1	/home/shanbhog/skin_microbiome/raw_fastq/SRR3216627_1.fastq
SRR3216628_1	/home/shanbhog/skin_microbiome/raw_fastq/SRR3216628_1.fastq
SRR3216629_1	/home/shanbhog/skin_microbiome/raw_fastq/SRR3216629_1.fastq
SRR3216630_1	/home/shanbhog/skin_microbiome/raw_fastq/SRR3216630_1.fastq
SRR3216631_1	/home/shanbhog/skin_microbiome/raw_fastq/SRR3216631_1.fastq
SRR3216632_1	/home/shanbhog/skin_microbiome/raw_fastq/SRR3216632_1.fastq
SRR3216633_1	/home/shanbhog/skin_microbiome/raw_fastq/SRR3216633_1.fastq
SRR3216634_1	/home/shanbhog/skin_microbiome/raw_fastq/SRR3216634_1.fastq
SRR3216635_1	/home/shanbhog/skin_microbiome/raw_fastq/SRR3216635_1.fastq
SRR3216636_1	/home/shanbhog/skin_microbiome/raw_fastq/SRR3216636_1.fastq
SRR3216637_1	/home/shanbhog/skin_microbiome/raw_fastq/SRR3216637_1.fastq
SRR3216638_1	/home/shanbhog/skin_microbiome/raw_fastq/SRR3216638_1.fastq
SRR3216639_1	/home/shanbhog/skin_microbiome/raw_fastq/SRR3216639_1.fastq
SRR3216640_1	/home/shanbhog/skin_microbiome/raw_fastq/SRR3216640_1.fastq
SRR3216641_1	/home/shanbhog/skin_microbiome/raw_fastq/SRR3216641_1.fastq
SRR3216642_1	/home/shanbhog/skin_microbiome/raw_fastq/SRR3216642_1.fastq
SRR3216643_1	/home/shanbhog/skin_microbiome/raw_fastq/SRR3216643_1.fastq
SRR3216644_1	/home/shanbhog/skin_microbiome/raw_fastq/SRR3216644_1.fastq
SRR3216645_1	/home/shanbhog/skin_microbiome/raw_fastq/SRR3216645_1.fastq
SRR3216646_1	/home/shanbhog/skin_microbiome/raw_fastq/SRR3216646_1.fastq
SRR3216647_1	/home/shanbhog/skin_microbiome/raw_fastq/SRR3216647_1.fastq
SRR3216648_1	/home/shanbhog/skin_microbiome/raw_fastq/SRR3216648_1.fastq
SRR3216649_1	/home/shanbhog/skin_microbiome/raw_fastq/SRR3216649_1.fastq
SRR3216650_1	/home/shanbhog/skin_microbiome/raw_fastq/SRR3216650_1.fastq
SRR3216651_1	/home/shanbhog/skin_microbiome/raw_fastq/SRR3216651_1.fastq
SRR3216652_1	/home/shanbhog/skin_microbiome/raw_fastq/SRR3216652_1.fastq
SRR3216653_1	/home/shanbhog/skin_microbiome/raw_fastq/SRR3216653_1.fastq
SRR3216654_1	/home/shanbhog/skin_microbiome/raw_fastq/SRR3216654_1.fastq
SRR3216655_1	/home/shanbhog/skin_microbiome/raw_fastq/SRR3216655_1.fastq
SRR3216656_1	/home/shanbhog/skin_microbiome/raw_fastq/SRR3216656_1.fastq
SRR3216657_1	/home/shanbhog/skin_microbiome/raw_fastq/SRR3216657_1.fastq
SRR3216658_1	/home/shanbhog/skin_microbiome/raw_fastq/SRR3216658_1.fastq
SRR3216659_1	/home/shanbhog/skin_microbiome/raw_fastq/SRR3216659_1.fastq
SRR3216660_1	/home/shanbhog/skin_microbiome/raw_fastq/SRR3216660_1.fastq
SRR3216661_1	/home/shanbhog/skin_microbiome/raw_fastq/SRR3216661_1.fastq
SRR3216662_1	/home/shanbhog/skin_microbiome/raw_fastq/SRR3216662_1.fastq
SRR3216663_1	/home/shanbhog/skin_microbiome/raw_fastq/SRR3216663_1.fastq
SRR3216664_1	/home/shanbhog/skin_microbiome/raw_fastq/SRR3216664_1.fastq
SRR3216665_1	/home/shanbhog/skin_microbiome/raw_fastq/SRR3216665_1.fastq
SRR3216666_1	/home/shanbhog/skin_microbiome/raw_fastq/SRR3216666_1.fastq
SRR3216667_1	/home/shanbhog/skin_microbiome/raw_fastq/SRR3216667_1.fastq
SRR3216668_1	/home/shanbhog/skin_microbiome/raw_fastq/SRR3216668_1.fastq
SRR3216669_1	/home/shanbhog/skin_microbiome/raw_fastq/SRR3216669_1.fastq
SRR3216670_1	/home/shanbhog/skin_microbiome/raw_fastq/SRR3216670_1.fastq
SRR3216671_1	/home/shanbhog/skin_microbiome/raw_fastq/SRR3216671_1.fastq
SRR3216672_1	/home/shanbhog/skin_microbiome/raw_fastq/SRR3216672_1.fastq
SRR3216673_1	/home/shanbhog/skin_microbiome/raw_fastq/SRR3216673_1.fastq
SRR3216674_1	/home/shanbhog/skin_microbiome/raw_fastq/SRR3216674_1.fastq
SRR3216675_1	/home/shanbhog/skin_microbiome/raw_fastq/SRR3216675_1.fastq
SRR3216676_1	/home/shanbhog/skin_microbiome/raw_fastq/SRR3216676_1.fastq
SRR3216677_1	/home/shanbhog/skin_microbiome/raw_fastq/SRR3216677_1.fastq
SRR3216678_1	/home/shanbhog/skin_microbiome/raw_fastq/SRR3216678_1.fastq
SRR3216679_1	/home/shanbhog/skin_microbiome/raw_fastq/SRR3216679_1.fastq
SRR3216680_1	/home/shanbhog/skin_microbiome/raw_fastq/SRR3216680_1.fastq
SRR3216681_1	/home/shanbhog/skin_microbiome/raw_fastq/SRR3216681_1.fastq
SRR3216682_1	/home/shanbhog/skin_microbiome/raw_fastq/SRR3216682_1.fastq
SRR3216683_1	/home/shanbhog/skin_microbiome/raw_fastq/SRR3216683_1.fastq
SRR3216684_1	/home/shanbhog/skin_microbiome/raw_fastq/SRR3216684_1.fastq
SRR3216685_1	/home/shanbhog/skin_microbiome/raw_fastq/SRR3216685_1.fastq
SRR3216686_1	/home/shanbhog/skin_microbiome/raw_fastq/SRR3216686_1.fastq
SRR3216687_1	/home/shanbhog/skin_microbiome/raw_fastq/SRR3216687_1.fastq
SRR3216688_1	/home/shanbhog/skin_microbiome/raw_fastq/SRR3216688_1.fastq
SRR3216689_1	/home/shanbhog/skin_microbiome/raw_fastq/SRR3216689_1.fastq
SRR3216690_1	/home/shanbhog/skin_microbiome/raw_fastq/SRR3216690_1.fastq
SRR3216691_1	/home/shanbhog/skin_microbiome/raw_fastq/SRR3216691_1.fastq
SRR3216692_1	/home/shanbhog/skin_microbiome/raw_fastq/SRR3216692_1.fastq
SRR3216693_1	/home/shanbhog/skin_microbiome/raw_fastq/SRR3216693_1.fastq
SRR3216694_1	/home/shanbhog/skin_microbiome/raw_fastq/SRR3216694_1.fastq
SRR3216695_1	/home/shanbhog/skin_microbiome/raw_fastq/SRR3216695_1.fastq
SRR3216696_1	/home/shanbhog/skin_microbiome/raw_fastq/SRR3216696_1.fastq
SRR3216697_1	/home/shanbhog/skin_microbiome/raw_fastq/SRR3216697_1.fastq
SRR3216698_1	/home/shanbhog/skin_microbiome/raw_fastq/SRR3216698_1.fastq
SRR3216699_1	/home/shanbhog/skin_microbiome/raw_fastq/SRR3216699_1.fastq
SRR3216700_1	/home/shanbhog/skin_microbiome/raw_fastq/SRR3216700_1.fastq
SRR3216701_1	/home/shanbhog/skin_microbiome/raw_fastq/SRR3216701_1.fastq
SRR3216702_1	/home/shanbhog/skin_microbiome/raw_fastq/SRR3216702_1.fastq
SRR3216703_1	/home/shanbhog/skin_microbiome/raw_fastq/SRR3216703_1.fastq
SRR3216704_1	/home/shanbhog/skin_microbiome/raw_fastq/SRR3216704_1.fastq
SRR3216705_1	/home/shanbhog/skin_microbiome/raw_fastq/SRR3216705_1.fastq
SRR3216706_1	/home/shanbhog/skin_microbiome/raw_fastq/SRR3216706_1.fastq
SRR3216707_1	/home/shanbhog/skin_microbiome/raw_fastq/SRR3216707_1.fastq
SRR3216708_1	/home/shanbhog/skin_microbiome/raw_fastq/SRR3216708_1.fastq
SRR3216709_1	/home/shanbhog/skin_microbiome/raw_fastq/SRR3216709_1.fastq
SRR3216710_1	/home/shanbhog/skin_microbiome/raw_fastq/SRR3216710_1.fastq
SRR3216711_1	/home/shanbhog/skin_microbiome/raw_fastq/SRR3216711_1.fastq
SRR3216712_1	/home/shanbhog/skin_microbiome/raw_fastq/SRR3216712_1.fastq
SRR3216713_1	/home/shanbhog/skin_microbiome/raw_fastq/SRR3216713_1.fastq
SRR3216714_1	/home/shanbhog/skin_microbiome/raw_fastq/SRR3216714_1.fastq
SRR3216715_1	/home/shanbhog/skin_microbiome/raw_fastq/SRR3216715_1.fastq
SRR3216716_1	/home/shanbhog/skin_microbiome/raw_fastq/SRR3216716_1.fastq
SRR3216717_1	/home/shanbhog/skin_microbiome/raw_fastq/SRR3216717_1.fastq
SRR3216718_1	/home/shanbhog/skin_microbiome/raw_fastq/SRR3216718_1.fastq
SRR3216719_1	/home/shanbhog/skin_microbiome/raw_fastq/SRR3216719_1.fastq
SRR3216720_1	/home/shanbhog/skin_microbiome/raw_fastq/SRR3216720_1.fastq
SRR3216721_1	/home/shanbhog/skin_microbiome/raw_fastq/SRR3216721_1.fastq
SRR3216722_1	/home/shanbhog/skin_microbiome/raw_fastq/SRR3216722_1.fastq
SRR3216723_1	/home/shanbhog/skin_microbiome/raw_fastq/SRR3216723_1.fastq
SRR3216724_1	/home/shanbhog/skin_microbiome/raw_fastq/SRR3216724_1.fastq
SRR3216725_1	/home/shanbhog/skin_microbiome/raw_fastq/SRR3216725_1.fastq
SRR3216726_1	/home/shanbhog/skin_microbiome/raw_fastq/SRR3216726_1.fastq
SRR3216727_1	/home/shanbhog/skin_microbiome/raw_fastq/SRR3216727_1.fastq
SRR3216728_1	/home/shanbhog/skin_microbiome/raw_fastq/SRR3216728_1.fastq
SRR3216729_1	/home/shanbhog/skin_microbiome/raw_fastq/SRR3216729_1.fastq
SRR3216730_1	/home/shanbhog/skin_microbiome/raw_fastq/SRR3216730_1.fastq
SRR3216731_1	/home/shanbhog/skin_microbiome/raw_fastq/SRR3216731_1.fastq
SRR3216732_1	/home/shanbhog/skin_microbiome/raw_fastq/SRR3216732_1.fastq
SRR3216733_1	/home/shanbhog/skin_microbiome/raw_fastq/SRR3216733_1.fastq
SRR3216734_1	/home/shanbhog/skin_microbiome/raw_fastq/SRR3216734_1.fastq
SRR3216735_1	/home/shanbhog/skin_microbiome/raw_fastq/SRR3216735_1.fastq
SRR3216736_1	/home/shanbhog/skin_microbiome/raw_fastq/SRR3216736_1.fastq
SRR3216737_1	/home/shanbhog/skin_microbiome/raw_fastq/SRR3216737_1.fastq
SRR3216738_1	/home/shanbhog/skin_microbiome/raw_fastq/SRR3216738_1.fastq
SRR3216739_1	/home/shanbhog/skin_microbiome/raw_fastq/SRR3216739_1.fastq
SRR3216740_1	/home/shanbhog/skin_microbiome/raw_fastq/SRR3216740_1.fastq
SRR3216741_1	/home/shanbhog/skin_microbiome/raw_fastq/SRR3216741_1.fastq
SRR3216742_1	/home/shanbhog/skin_microbiome/raw_fastq/SRR3216742_1.fastq
SRR3216743_1	/home/shanbhog/skin_microbiome/raw_fastq/SRR3216743_1.fastq
SRR3216744_1	/home/shanbhog/skin_microbiome/raw_fastq/SRR3216744_1.fastq
SRR3216745_1	/home/shanbhog/skin_microbiome/raw_fastq/SRR3216745_1.fastq
SRR3216746_1	/home/shanbhog/skin_microbiome/raw_fastq/SRR3216746_1.fastq
SRR3216747_1	/home/shanbhog/skin_microbiome/raw_fastq/SRR3216747_1.fastq
SRR3216748_1	/home/shanbhog/skin_microbiome/raw_fastq/SRR3216748_1.fastq
SRR3216749_1	/home/shanbhog/skin_microbiome/raw_fastq/SRR3216749_1.fastq
SRR3216750_1	/home/shanbhog/skin_microbiome/raw_fastq/SRR3216750_1.fastq
SRR3216751_1	/home/shanbhog/skin_microbiome/raw_fastq/SRR3216751_1.fastq
SRR3216752_1	/home/shanbhog/skin_microbiome/raw_fastq/SRR3216752_1.fastq
SRR3216753_1	/home/shanbhog/skin_microbiome/raw_fastq/SRR3216753_1.fastq
SRR3216754_1	/home/shanbhog/skin_microbiome/raw_fastq/SRR3216754_1.fastq
SRR3216755_1	/home/shanbhog/skin_microbiome/raw_fastq/SRR3216755_1.fastq
SRR3216756_1	/home/shanbhog/skin_microbiome/raw_fastq/SRR3216756_1.fastq
SRR3216757_1	/home/shanbhog/skin_microbiome/raw_fastq/SRR3216757_1.fastq
SRR3216758_1	/home/shanbhog/skin_microbiome/raw_fastq/SRR3216758_1.fastq
SRR3216759_1	/home/shanbhog/skin_microbiome/raw_fastq/SRR3216759_1.fastq
SRR3216760_1	/home/shanbhog/skin_microbiome/raw_fastq/SRR3216760_1.fastq
SRR3216761_1	/home/shanbhog/skin_microbiome/raw_fastq/SRR3216761_1.fastq
SRR3216762_1	/home/shanbhog/skin_microbiome/raw_fastq/SRR3216762_1.fastq
SRR3216763_1	/home/shanbhog/skin_microbiome/raw_fastq/SRR3216763_1.fastq
SRR3216764_1	/home/shanbhog/skin_microbiome/raw_fastq/SRR3216764_1.fastq
SRR3216765_1	/home/shanbhog/skin_microbiome/raw_fastq/SRR3216765_1.fastq
SRR3216766_1	/home/shanbhog/skin_microbiome/raw_fastq/SRR3216766_1.fastq
SRR3216767_1	/home/shanbhog/skin_microbiome/raw_fastq/SRR3216767_1.fastq
SRR3216768_1	/home/shanbhog/skin_microbiome/raw_fastq/SRR3216768_1.fastq
SRR3216769_1	/home/shanbhog/skin_microbiome/raw_fastq/SRR3216769_1.fastq
SRR3216770_1	/home/shanbhog/skin_microbiome/raw_fastq/SRR3216770_1.fastq
SRR3216771_1	/home/shanbhog/skin_microbiome/raw_fastq/SRR3216771_1.fastq
SRR3216772_1	/home/shanbhog/skin_microbiome/raw_fastq/SRR3216772_1.fastq
SRR3216773_1	/home/shanbhog/skin_microbiome/raw_fastq/SRR3216773_1.fastq
SRR3216774_1	/home/shanbhog/skin_microbiome/raw_fastq/SRR3216774_1.fastq
SRR3216775_1	/home/shanbhog/skin_microbiome/raw_fastq/SRR3216775_1.fastq
SRR3216776_1	/home/shanbhog/skin_microbiome/raw_fastq/SRR3216776_1.fastq
SRR3216777_1	/home/shanbhog/skin_microbiome/raw_fastq/SRR3216777_1.fastq
SRR3216778_1	/home/shanbhog/skin_microbiome/raw_fastq/SRR3216778_1.fastq
SRR3216779_1	/home/shanbhog/skin_microbiome/raw_fastq/SRR3216779_1.fastq
SRR3216780_1	/home/shanbhog/skin_microbiome/raw_fastq/SRR3216780_1.fastq
SRR3216781_1	/home/shanbhog/skin_microbiome/raw_fastq/SRR3216781_1.fastq
SRR3216782_1	/home/shanbhog/skin_microbiome/raw_fastq/SRR3216782_1.fastq
SRR3216783_1	/home/shanbhog/skin_microbiome/raw_fastq/SRR3216783_1.fastq
SRR3216784_1	/home/shanbhog/skin_microbiome/raw_fastq/SRR3216784_1.fastq
SRR3216785_1	/home/shanbhog/skin_microbiome/raw_fastq/SRR3216785_1.fastq
SRR3216786_1	/home/shanbhog/skin_microbiome/raw_fastq/SRR3216786_1.fastq
SRR3216787_1	/home/shanbhog/skin_microbiome/raw_fastq/SRR3216787_1.fastq
SRR3216788_1	/home/shanbhog/skin_microbiome/raw_fastq/SRR3216788_1.fastq
SRR3216789_1	/home/shanbhog/skin_microbiome/raw_fastq/SRR3216789_1.fastq
SRR3216790_1	/home/shanbhog/skin_microbiome/raw_fastq/SRR3216790_1.fastq
SRR3216791_1	/home/shanbhog/skin_microbiome/raw_fastq/SRR3216791_1.fastq
SRR3216792_1	/home/shanbhog/skin_microbiome/raw_fastq/SRR3216792_1.fastq
SRR3216793_1	/home/shanbhog/skin_microbiome/raw_fastq/SRR3216793_1.fastq
SRR3216794_1	/home/shanbhog/skin_microbiome/raw_fastq/SRR3216794_1.fastq
SRR3216795_1	/home/shanbhog/skin_microbiome/raw_fastq/SRR3216795_1.fastq
SRR3216796_1	/home/shanbhog/skin_microbiome/raw_fastq/SRR3216796_1.fastq
SRR3216797_1	/home/shanbhog/skin_microbiome/raw_fastq/SRR3216797_1.fastq
SRR3216798_1	/home/shanbhog/skin_microbiome/raw_fastq/SRR3216798_1.fastq
SRR3216799_1	/home/shanbhog/skin_microbiome/raw_fastq/SRR3216799_1.fastq
SRR3216800_1	/home/shanbhog/skin_microbiome/raw_fastq/SRR3216800_1.fastq
SRR3216801_1	/home/shanbhog/skin_microbiome/raw_fastq/SRR3216801_1.fastq
SRR3216802_1	/home/shanbhog/skin_microbiome/raw_fastq/SRR3216802_1.fastq
SRR3216803_1	/home/shanbhog/skin_microbiome/raw_fastq/SRR3216803_1.fastq
SRR3216804_1	/home/shanbhog/skin_microbiome/raw_fastq/SRR3216804_1.fastq
SRR3216805_1	/home/shanbhog/skin_microbiome/raw_fastq/SRR3216805_1.fastq
SRR3216806_1	/home/shanbhog/skin_microbiome/raw_fastq/SRR3216806_1.fastq
SRR3216807_1	/home/shanbhog/skin_microbiome/raw_fastq/SRR3216807_1.fastq
SRR3216808_1	/home/shanbhog/skin_microbiome/raw_fastq/SRR3216808_1.fastq
SRR3216809_1	/home/shanbhog/skin_microbiome/raw_fastq/SRR3216809_1.fastq
SRR3216810_1	/home/shanbhog/skin_microbiome/raw_fastq/SRR3216810_1.fastq
SRR3216811_1	/home/shanbhog/skin_microbiome/raw_fastq/SRR3216811_1.fastq
SRR3216812_1	/home/shanbhog/skin_microbiome/raw_fastq/SRR3216812_1.fastq
SRR3216813_1	/home/shanbhog/skin_microbiome/raw_fastq/SRR3216813_1.fastq
SRR3216814_1	/home/shanbhog/skin_microbiome/raw_fastq/SRR3216814_1.fastq
SRR3216815_1	/home/shanbhog/skin_microbiome/raw_fastq/SRR3216815_1.fastq
SRR3216816_1	/home/shanbhog/skin_microbiome/raw_fastq/SRR3216816_1.fastq
SRR3216817_1	/home/shanbhog/skin_microbiome/raw_fastq/SRR3216817_1.fastq
SRR3216818_1	/home/shanbhog/skin_microbiome/raw_fastq/SRR3216818_1.fastq
SRR3216819_1	/home/shanbhog/skin_microbiome/raw_fastq/SRR3216819_1.fastq
SRR3216820_1	/home/shanbhog/skin_microbiome/raw_fastq/SRR3216820_1.fastq
SRR3216821_1	/home/shanbhog/skin_microbiome/raw_fastq/SRR3216821_1.fastq
SRR3216822_1	/home/shanbhog/skin_microbiome/raw_fastq/SRR3216822_1.fastq
SRR3216823_1	/home/shanbhog/skin_microbiome/raw_fastq/SRR3216823_1.fastq
SRR3216824_1	/home/shanbhog/skin_microbiome/raw_fastq/SRR3216824_1.fastq
SRR3216825_1	/home/shanbhog/skin_microbiome/raw_fastq/SRR3216825_1.fastq
SRR3216826_1	/home/shanbhog/skin_microbiome/raw_fastq/SRR3216826_1.fastq
SRR3216827_1	/home/shanbhog/skin_microbiome/raw_fastq/SRR3216827_1.fastq
SRR3216828_1	/home/shanbhog/skin_microbiome/raw_fastq/SRR3216828_1.fastq
SRR3216829_1	/home/shanbhog/skin_microbiome/raw_fastq/SRR3216829_1.fastq
SRR3216830_1	/home/shanbhog/skin_microbiome/raw_fastq/SRR3216830_1.fastq
SRR3216831_1	/home/shanbhog/skin_microbiome/raw_fastq/SRR3216831_1.fastq
SRR3216832_1	/home/shanbhog/skin_microbiome/raw_fastq/SRR3216832_1.fastq
SRR3216833_1	/home/shanbhog/skin_microbiome/raw_fastq/SRR3216833_1.fastq
SRR3216834_1	/home/shanbhog/skin_microbiome/raw_fastq/SRR3216834_1.fastq
SRR3216835_1	/home/shanbhog/skin_microbiome/raw_fastq/SRR3216835_1.fastq
SRR3216836_1	/home/shanbhog/skin_microbiome/raw_fastq/SRR3216836_1.fastq
SRR3216837_1	/home/shanbhog/skin_microbiome/raw_fastq/SRR3216837_1.fastq
SRR3216838_1	/home/shanbhog/skin_microbiome/raw_fastq/SRR3216838_1.fastq
SRR3216839_1	/home/shanbhog/skin_microbiome/raw_fastq/SRR3216839_1.fastq
SRR3216840_1	/home/shanbhog/skin_microbiome/raw_fastq/SRR3216840_1.fastq
SRR3216841_1	/home/shanbhog/skin_microbiome/raw_fastq/SRR3216841_1.fastq
SRR3216842_1	/home/shanbhog/skin_microbiome/raw_fastq/SRR3216842_1.fastq
SRR3216843_1	/home/shanbhog/skin_microbiome/raw_fastq/SRR3216843_1.fastq
SRR3216844_1	/home/shanbhog/skin_microbiome/raw_fastq/SRR3216844_1.fastq
SRR3216845_1	/home/shanbhog/skin_microbiome/raw_fastq/SRR3216845_1.fastq
SRR3216846_1	/home/shanbhog/skin_microbiome/raw_fastq/SRR3216846_1.fastq
SRR3216847_1	/home/shanbhog/skin_microbiome/raw_fastq/SRR3216847_1.fastq
SRR3216848_1	/home/shanbhog/skin_microbiome/raw_fastq/SRR3216848_1.fastq
SRR3216849_1	/home/shanbhog/skin_microbiome/raw_fastq/SRR3216849_1.fastq
SRR3216850_1	/home/shanbhog/skin_microbiome/raw_fastq/SRR3216850_1.fastq
SRR3216851_1	/home/shanbhog/skin_microbiome/raw_fastq/SRR3216851_1.fastq
SRR3216852_1	/home/shanbhog/skin_microbiome/raw_fastq/SRR3216852_1.fastq
SRR3216853_1	/home/shanbhog/skin_microbiome/raw_fastq/SRR3216853_1.fastq
SRR3216854_1	/home/shanbhog/skin_microbiome/raw_fastq/SRR3216854_1.fastq
SRR3216855_1	/home/shanbhog/skin_microbiome/raw_fastq/SRR3216855_1.fastq
SRR3216856_1	/home/shanbhog/skin_microbiome/raw_fastq/SRR3216856_1.fastq
SRR3216857_1	/home/shanbhog/skin_microbiome/raw_fastq/SRR3216857_1.fastq
SRR3216858_1	/home/shanbhog/skin_microbiome/raw_fastq/SRR3216858_1.fastq
SRR3216859_1	/home/shanbhog/skin_microbiome/raw_fastq/SRR3216859_1.fastq
SRR3216860_1	/home/shanbhog/skin_microbiome/raw_fastq/SRR3216860_1.fastq
SRR3216861_1	/home/shanbhog/skin_microbiome/raw_fastq/SRR3216861_1.fastq
SRR3216862_1	/home/shanbhog/skin_microbiome/raw_fastq/SRR3216862_1.fastq
SRR3216863_1	/home/shanbhog/skin_microbiome/raw_fastq/SRR3216863_1.fastq
SRR3216864_1	/home/shanbhog/skin_microbiome/raw_fastq/SRR3216864_1.fastq
SRR3216865_1	/home/shanbhog/skin_microbiome/raw_fastq/SRR3216865_1.fastq
SRR3216866_1	/home/shanbhog/skin_microbiome/raw_fastq/SRR3216866_1.fastq
SRR3216867_1	/home/shanbhog/skin_microbiome/raw_fastq/SRR3216867_1.fastq
SRR3216868_1	/home/shanbhog/skin_microbiome/raw_fastq/SRR3216868_1.fastq
SRR3216869_1	/home/shanbhog/skin_microbiome/raw_fastq/SRR3216869_1.fastq
SRR3216870_1	/home/shanbhog/skin_microbiome/raw_fastq/SRR3216870_1.fastq
SRR3216871_1	/home/shanbhog/skin_microbiome/raw_fastq/SRR3216871_1.fastq
SRR3216872_1	/home/shanbhog/skin_microbiome/raw_fastq/SRR3216872_1.fastq
SRR3216873_1	/home/shanbhog/skin_microbiome/raw_fastq/SRR3216873_1.fastq
SRR3216874_1	/home/shanbhog/skin_microbiome/raw_fastq/SRR3216874_1.fastq
SRR3216875_1	/home/shanbhog/skin_microbiome/raw_fastq/SRR3216875_1.fastq
SRR3216876_1	/home/shanbhog/skin_microbiome/raw_fastq/SRR3216876_1.fastq
SRR3216877_1	/home/shanbhog/skin_microbiome/raw_fastq/SRR3216877_1.fastq
SRR3216878_1	/home/shanbhog/skin_microbiome/raw_fastq/SRR3216878_1.fastq
SRR3216879_1	/home/shanbhog/skin_microbiome/raw_fastq/SRR3216879_1.fastq
SRR3216880_1	/home/shanbhog/skin_microbiome/raw_fastq/SRR3216880_1.fastq
SRR3216881_1	/home/shanbhog/skin_microbiome/raw_fastq/SRR3216881_1.fastq
SRR3216882_1	/home/shanbhog/skin_microbiome/raw_fastq/SRR3216882_1.fastq
SRR3216883_1	/home/shanbhog/skin_microbiome/raw_fastq/SRR3216883_1.fastq
SRR3216884_1	/home/shanbhog/skin_microbiome/raw_fastq/SRR3216884_1.fastq
SRR3216885_1	/home/shanbhog/skin_microbiome/raw_fastq/SRR3216885_1.fastq
SRR3216886_1	/home/shanbhog/skin_microbiome/raw_fastq/SRR3216886_1.fastq
SRR3216887_1	/home/shanbhog/skin_microbiome/raw_fastq/SRR3216887_1.fastq
SRR3216888_1	/home/shanbhog/skin_microbiome/raw_fastq/SRR3216888_1.fastq
SRR3216889_1	/home/shanbhog/skin_microbiome/raw_fastq/SRR3216889_1.fastq
SRR3216890_1	/home/shanbhog/skin_microbiome/raw_fastq/SRR3216890_1.fastq
SRR3216891_1	/home/shanbhog/skin_microbiome/raw_fastq/SRR3216891_1.fastq
SRR3216892_1	/home/shanbhog/skin_microbiome/raw_fastq/SRR3216892_1.fastq
SRR3216893_1	/home/shanbhog/skin_microbiome/raw_fastq/SRR3216893_1.fastq
SRR3216894_1	/home/shanbhog/skin_microbiome/raw_fastq/SRR3216894_1.fastq
SRR3216895_1	/home/shanbhog/skin_microbiome/raw_fastq/SRR3216895_1.fastq
SRR3216896_1	/home/shanbhog/skin_microbiome/raw_fastq/SRR3216896_1.fastq
SRR3216897_1	/home/shanbhog/skin_microbiome/raw_fastq/SRR3216897_1.fastq
SRR3216898_1	/home/shanbhog/skin_microbiome/raw_fastq/SRR3216898_1.fastq
SRR3216899_1	/home/shanbhog/skin_microbiome/raw_fastq/SRR3216899_1.fastq
SRR3216900_1	/home/shanbhog/skin_microbiome/raw_fastq/SRR3216900_1.fastq
SRR3216901_1	/home/shanbhog/skin_microbiome/raw_fastq/SRR3216901_1.fastq
SRR3216902_1	/home/shanbhog/skin_microbiome/raw_fastq/SRR3216902_1.fastq
SRR3216903_1	/home/shanbhog/skin_microbiome/raw_fastq/SRR3216903_1.fastq
SRR3216904_1	/home/shanbhog/skin_microbiome/raw_fastq/SRR3216904_1.fastq
SRR3216905_1	/home/shanbhog/skin_microbiome/raw_fastq/SRR3216905_1.fastq
SRR3216906_1	/home/shanbhog/skin_microbiome/raw_fastq/SRR3216906_1.fastq
SRR3216907_1	/home/shanbhog/skin_microbiome/raw_fastq/SRR3216907_1.fastq
SRR3216908_1	/home/shanbhog/skin_microbiome/raw_fastq/SRR3216908_1.fastq
SRR3216909_1	/home/shanbhog/skin_microbiome/raw_fastq/SRR3216909_1.fastq
SRR3216910_1	/home/shanbhog/skin_microbiome/raw_fastq/SRR3216910_1.fastq
SRR3216911_1	/home/shanbhog/skin_microbiome/raw_fastq/SRR3216911_1.fastq
SRR3216912_1	/home/shanbhog/skin_microbiome/raw_fastq/SRR3216912_1.fastq
SRR3216913_1	/home/shanbhog/skin_microbiome/raw_fastq/SRR3216913_1.fastq
SRR3216914_1	/home/shanbhog/skin_microbiome/raw_fastq/SRR3216914_1.fastq
SRR3216915_1	/home/shanbhog/skin_microbiome/raw_fastq/SRR3216915_1.fastq
SRR3216916_1	/home/shanbhog/skin_microbiome/raw_fastq/SRR3216916_1.fastq
SRR3216917_1	/home/shanbhog/skin_microbiome/raw_fastq/SRR3216917_1.fastq
SRR3216918_1	/home/shanbhog/skin_microbiome/raw_fastq/SRR3216918_1.fastq
SRR3216919_1	/home/shanbhog/skin_microbiome/raw_fastq/SRR3216919_1.fastq
SRR3216920_1	/home/shanbhog/skin_microbiome/raw_fastq/SRR3216920_1.fastq
SRR3216921_1	/home/shanbhog/skin_microbiome/raw_fastq/SRR3216921_1.fastq
SRR3216922_1	/home/shanbhog/skin_microbiome/raw_fastq/SRR3216922_1.fastq
SRR3216923_1	/home/shanbhog/skin_microbiome/raw_fastq/SRR3216923_1.fastq
SRR3216924_1	/home/shanbhog/skin_microbiome/raw_fastq/SRR3216924_1.fastq
SRR3216925_1	/home/shanbhog/skin_microbiome/raw_fastq/SRR3216925_1.fastq
SRR3216926_1	/home/shanbhog/skin_microbiome/raw_fastq/SRR3216926_1.fastq
SRR3216927_1	/home/shanbhog/skin_microbiome/raw_fastq/SRR3216927_1.fastq
SRR3216928_1	/home/shanbhog/skin_microbiome/raw_fastq/SRR3216928_1.fastq
SRR3216929_1	/home/shanbhog/skin_microbiome/raw_fastq/SRR3216929_1.fastq
SRR3216930_1	/home/shanbhog/skin_microbiome/raw_fastq/SRR3216930_1.fastq
SRR3216931_1	/home/shanbhog/skin_microbiome/raw_fastq/SRR3216931_1.fastq
SRR3216932_1	/home/shanbhog/skin_microbiome/raw_fastq/SRR3216932_1.fastq
SRR3216933_1	/home/shanbhog/skin_microbiome/raw_fastq/SRR3216933_1.fastq
SRR3216934_1	/home/shanbhog/skin_microbiome/raw_fastq/SRR3216934_1.fastq
SRR3216935_1	/home/shanbhog/skin_microbiome/raw_fastq/SRR3216935_1.fastq
SRR3216936_1	/home/shanbhog/skin_microbiome/raw_fastq/SRR3216936_1.fastq
SRR3216937_1	/home/shanbhog/skin_microbiome/raw_fastq/SRR3216937_1.fastq
SRR3216938_1	/home/shanbhog/skin_microbiome/raw_fastq/SRR3216938_1.fastq
SRR3216939_1	/home/shanbhog/skin_microbiome/raw_fastq/SRR3216939_1.fastq
SRR3216940_1	/home/shanbhog/skin_microbiome/raw_fastq/SRR3216940_1.fastq
SRR3216941_1	/home/shanbhog/skin_microbiome/raw_fastq/SRR3216941_1.fastq
SRR3216942_1	/home/shanbhog/skin_microbiome/raw_fastq/SRR3216942_1.fastq
SRR3216943_1	/home/shanbhog/skin_microbiome/raw_fastq/SRR3216943_1.fastq
SRR3216944_1	/home/shanbhog/skin_microbiome/raw_fastq/SRR3216944_1.fastq
SRR3216945_1	/home/shanbhog/skin_microbiome/raw_fastq/SRR3216945_1.fastq
SRR3216946_1	/home/shanbhog/skin_microbiome/raw_fastq/SRR3216946_1.fastq
SRR3216947_1	/home/shanbhog/skin_microbiome/raw_fastq/SRR3216947_1.fastq
SRR3216948_1	/home/shanbhog/skin_microbiome/raw_fastq/SRR3216948_1.fastq
SRR3216949_1	/home/shanbhog/skin_microbiome/raw_fastq/SRR3216949_1.fastq
SRR3216950_1	/home/shanbhog/skin_microbiome/raw_fastq/SRR3216950_1.fastq
SRR3216951_1	/home/shanbhog/skin_microbiome/raw_fastq/SRR3216951_1.fastq
SRR3216952_1	/home/shanbhog/skin_microbiome/raw_fastq/SRR3216952_1.fastq
SRR3216953_1	/home/shanbhog/skin_microbiome/raw_fastq/SRR3216953_1.fastq
SRR3216954_1	/home/shanbhog/skin_microbiome/raw_fastq/SRR3216954_1.fastq
SRR3216955_1	/home/shanbhog/skin_microbiome/raw_fastq/SRR3216955_1.fastq
SRR3216956_1	/home/shanbhog/skin_microbiome/raw_fastq/SRR3216956_1.fastq
SRR3216957_1	/home/shanbhog/skin_microbiome/raw_fastq/SRR3216957_1.fastq
SRR3216958_1	/home/shanbhog/skin_microbiome/raw_fastq/SRR3216958_1.fastq
SRR3216959_1	/home/shanbhog/skin_microbiome/raw_fastq/SRR3216959_1.fastq
SRR3216960_1	/home/shanbhog/skin_microbiome/raw_fastq/SRR3216960_1.fastq
SRR3216961_1	/home/shanbhog/skin_microbiome/raw_fastq/SRR3216961_1.fastq
SRR3216962_1	/home/shanbhog/skin_microbiome/raw_fastq/SRR3216962_1.fastq
SRR3216963_1	/home/shanbhog/skin_microbiome/raw_fastq/SRR3216963_1.fastq
SRR3216964_1	/home/shanbhog/skin_microbiome/raw_fastq/SRR3216964_1.fastq
SRR3216965_1	/home/shanbhog/skin_microbiome/raw_fastq/SRR3216965_1.fastq
SRR3216966_1	/home/shanbhog/skin_microbiome/raw_fastq/SRR3216966_1.fastq
SRR3216967_1	/home/shanbhog/skin_microbiome/raw_fastq/SRR3216967_1.fastq
SRR3216968_1	/home/shanbhog/skin_microbiome/raw_fastq/SRR3216968_1.fastq
SRR3216969_1	/home/shanbhog/skin_microbiome/raw_fastq/SRR3216969_1.fastq
SRR3216970_1	/home/shanbhog/skin_microbiome/raw_fastq/SRR3216970_1.fastq
SRR3216971_1	/home/shanbhog/skin_microbiome/raw_fastq/SRR3216971_1.fastq
SRR3216972_1	/home/shanbhog/skin_microbiome/raw_fastq/SRR3216972_1.fastq
SRR3216973_1	/home/shanbhog/skin_microbiome/raw_fastq/SRR3216973_1.fastq
SRR3216974_1	/home/shanbhog/skin_microbiome/raw_fastq/SRR3216974_1.fastq
SRR3216975_1	/home/shanbhog/skin_microbiome/raw_fastq/SRR3216975_1.fastq
SRR3216976_1	/home/shanbhog/skin_microbiome/raw_fastq/SRR3216976_1.fastq
SRR3216977_1	/home/shanbhog/skin_microbiome/raw_fastq/SRR3216977_1.fastq
SRR3216978_1	/home/shanbhog/skin_microbiome/raw_fastq/SRR3216978_1.fastq
SRR3216979_1	/home/shanbhog/skin_microbiome/raw_fastq/SRR3216979_1.fastq
SRR3216980_1	/home/shanbhog/skin_microbiome/raw_fastq/SRR3216980_1.fastq
SRR3216981_1	/home/shanbhog/skin_microbiome/raw_fastq/SRR3216981_1.fastq
SRR3216982_1	/home/shanbhog/skin_microbiome/raw_fastq/SRR3216982_1.fastq
SRR3216983_1	/home/shanbhog/skin_microbiome/raw_fastq/SRR3216983_1.fastq
SRR3216984_1	/home/shanbhog/skin_microbiome/raw_fastq/SRR3216984_1.fastq
SRR3216985_1	/home/shanbhog/skin_microbiome/raw_fastq/SRR3216985_1.fastq
SRR3216986_1	/home/shanbhog/skin_microbiome/raw_fastq/SRR3216986_1.fastq
SRR3216987_1	/home/shanbhog/skin_microbiome/raw_fastq/SRR3216987_1.fastq
SRR3216988_1	/home/shanbhog/skin_microbiome/raw_fastq/SRR3216988_1.fastq
SRR3216989_1	/home/shanbhog/skin_microbiome/raw_fastq/SRR3216989_1.fastq
SRR3216990_1	/home/shanbhog/skin_microbiome/raw_fastq/SRR3216990_1.fastq
SRR3216991_1	/home/shanbhog/skin_microbiome/raw_fastq/SRR3216991_1.fastq
SRR3216992_1	/home/shanbhog/skin_microbiome/raw_fastq/SRR3216992_1.fastq
SRR3216993_1	/home/shanbhog/skin_microbiome/raw_fastq/SRR3216993_1.fastq
SRR3216994_1	/home/shanbhog/skin_microbiome/raw_fastq/SRR3216994_1.fastq
SRR3216995_1	/home/shanbhog/skin_microbiome/raw_fastq/SRR3216995_1.fastq
SRR3216996_1	/home/shanbhog/skin_microbiome/raw_fastq/SRR3216996_1.fastq
SRR3216997_1	/home/shanbhog/skin_microbiome/raw_fastq/SRR3216997_1.fastq
SRR3216998_1	/home/shanbhog/skin_microbiome/raw_fastq/SRR3216998_1.fastq
SRR3216999_1	/home/shanbhog/skin_microbiome/raw_fastq/SRR3216999_1.fastq
SRR3217000_1	/home/shanbhog/skin_microbiome/raw_fastq/SRR3217000_1.fastq
SRR3217001_1	/home/shanbhog/skin_microbiome/raw_fastq/SRR3217001_1.fastq
SRR3217002_1	/home/shanbhog/skin_microbiome/raw_fastq/SRR3217002_1.fastq
SRR3217003_1	/home/shanbhog/skin_microbiome/raw_fastq/SRR3217003_1.fastq
SRR3217004_1	/home/shanbhog/skin_microbiome/raw_fastq/SRR3217004_1.fastq
SRR3217005_1	/home/shanbhog/skin_microbiome/raw_fastq/SRR3217005_1.fastq
SRR3217006_1	/home/shanbhog/skin_microbiome/raw_fastq/SRR3217006_1.fastq
SRR3217007_1	/home/shanbhog/skin_microbiome/raw_fastq/SRR3217007_1.fastq
SRR3217008_1	/home/shanbhog/skin_microbiome/raw_fastq/SRR3217008_1.fastq
SRR3217009_1	/home/shanbhog/skin_microbiome/raw_fastq/SRR3217009_1.fastq
SRR3217010_1	/home/shanbhog/skin_microbiome/raw_fastq/SRR3217010_1.fastq
SRR3217011_1	/home/shanbhog/skin_microbiome/raw_fastq/SRR3217011_1.fastq
SRR3217012_1	/home/shanbhog/skin_microbiome/raw_fastq/SRR3217012_1.fastq
SRR3217013_1	/home/shanbhog/skin_microbiome/raw_fastq/SRR3217013_1.fastq
SRR3217014_1	/home/shanbhog/skin_microbiome/raw_fastq/SRR3217014_1.fastq
SRR3217015_1	/home/shanbhog/skin_microbiome/raw_fastq/SRR3217015_1.fastq
SRR3217016_1	/home/shanbhog/skin_microbiome/raw_fastq/SRR3217016_1.fastq
SRR3217017_1	/home/shanbhog/skin_microbiome/raw_fastq/SRR3217017_1.fastq
SRR3217018_1	/home/shanbhog/skin_microbiome/raw_fastq/SRR3217018_1.fastq
SRR3217019_1	/home/shanbhog/skin_microbiome/raw_fastq/SRR3217019_1.fastq
SRR3217020_1	/home/shanbhog/skin_microbiome/raw_fastq/SRR3217020_1.fastq
SRR3217021_1	/home/shanbhog/skin_microbiome/raw_fastq/SRR3217021_1.fastq
SRR3217022_1	/home/shanbhog/skin_microbiome/raw_fastq/SRR3217022_1.fastq
SRR3217023_1	/home/shanbhog/skin_microbiome/raw_fastq/SRR3217023_1.fastq
SRR3217024_1	/home/shanbhog/skin_microbiome/raw_fastq/SRR3217024_1.fastq
SRR3217025_1	/home/shanbhog/skin_microbiome/raw_fastq/SRR3217025_1.fastq
SRR3217026_1	/home/shanbhog/skin_microbiome/raw_fastq/SRR3217026_1.fastq
SRR3217027_1	/home/shanbhog/skin_microbiome/raw_fastq/SRR3217027_1.fastq
SRR3217028_1	/home/shanbhog/skin_microbiome/raw_fastq/SRR3217028_1.fastq
SRR3217029_1	/home/shanbhog/skin_microbiome/raw_fastq/SRR3217029_1.fastq
SRR3217030_1	/home/shanbhog/skin_microbiome/raw_fastq/SRR3217030_1.fastq
SRR3217031_1	/home/shanbhog/skin_microbiome/raw_fastq/SRR3217031_1.fastq
SRR3217032_1	/home/shanbhog/skin_microbiome/raw_fastq/SRR3217032_1.fastq
SRR3217033_1	/home/shanbhog/skin_microbiome/raw_fastq/SRR3217033_1.fastq
SRR3217034_1	/home/shanbhog/skin_microbiome/raw_fastq/SRR3217034_1.fastq
SRR3217035_1	/home/shanbhog/skin_microbiome/raw_fastq/SRR3217035_1.fastq
SRR3217036_1	/home/shanbhog/skin_microbiome/raw_fastq/SRR3217036_1.fastq
SRR3217037_1	/home/shanbhog/skin_microbiome/raw_fastq/SRR3217037_1.fastq
SRR3217038_1	/home/shanbhog/skin_microbiome/raw_fastq/SRR3217038_1.fastq
SRR3217039_1	/home/shanbhog/skin_microbiome/raw_fastq/SRR3217039_1.fastq
SRR3217040_1	/home/shanbhog/skin_microbiome/raw_fastq/SRR3217040_1.fastq
SRR3217041_1	/home/shanbhog/skin_microbiome/raw_fastq/SRR3217041_1.fastq
SRR3217042_1	/home/shanbhog/skin_microbiome/raw_fastq/SRR3217042_1.fastq
SRR3217043_1	/home/shanbhog/skin_microbiome/raw_fastq/SRR3217043_1.fastq
SRR3217044_1	/home/shanbhog/skin_microbiome/raw_fastq/SRR3217044_1.fastq
SRR3217045_1	/home/shanbhog/skin_microbiome/raw_fastq/SRR3217045_1.fastq
SRR3217046_1	/home/shanbhog/skin_microbiome/raw_fastq/SRR3217046_1.fastq
SRR3217047_1	/home/shanbhog/skin_microbiome/raw_fastq/SRR3217047_1.fastq
SRR3217048_1	/home/shanbhog/skin_microbiome/raw_fastq/SRR3217048_1.fastq
SRR3217049_1	/home/shanbhog/skin_microbiome/raw_fastq/SRR3217049_1.fastq
SRR3217050_1	/home/shanbhog/skin_microbiome/raw_fastq/SRR3217050_1.fastq
SRR3217051_1	/home/shanbhog/skin_microbiome/raw_fastq/SRR3217051_1.fastq
SRR3217052_1	/home/shanbhog/skin_microbiome/raw_fastq/SRR3217052_1.fastq
SRR3217053_1	/home/shanbhog/skin_microbiome/raw_fastq/SRR3217053_1.fastq
SRR3217054_1	/home/shanbhog/skin_microbiome/raw_fastq/SRR3217054_1.fastq
SRR3217055_1	/home/shanbhog/skin_microbiome/raw_fastq/SRR3217055_1.fastq
SRR3217056_1	/home/shanbhog/skin_microbiome/raw_fastq/SRR3217056_1.fastq
SRR3217057_1	/home/shanbhog/skin_microbiome/raw_fastq/SRR3217057_1.fastq
SRR3217058_1	/home/shanbhog/skin_microbiome/raw_fastq/SRR3217058_1.fastq
SRR3217059_1	/home/shanbhog/skin_microbiome/raw_fastq/SRR3217059_1.fastq
SRR3217060_1	/home/shanbhog/skin_microbiome/raw_fastq/SRR3217060_1.fastq
SRR3217061_1	/home/shanbhog/skin_microbiome/raw_fastq/SRR3217061_1.fastq
SRR3217062_1	/home/shanbhog/skin_microbiome/raw_fastq/SRR3217062_1.fastq
SRR3217063_1	/home/shanbhog/skin_microbiome/raw_fastq/SRR3217063_1.fastq
SRR3217064_1	/home/shanbhog/skin_microbiome/raw_fastq/SRR3217064_1.fastq
SRR3217065_1	/home/shanbhog/skin_microbiome/raw_fastq/SRR3217065_1.fastq
SRR3217066_1	/home/shanbhog/skin_microbiome/raw_fastq/SRR3217066_1.fastq
SRR3217067_1	/home/shanbhog/skin_microbiome/raw_fastq/SRR3217067_1.fastq
SRR3217068_1	/home/shanbhog/skin_microbiome/raw_fastq/SRR3217068_1.fastq
SRR3217069_1	/home/shanbhog/skin_microbiome/raw_fastq/SRR3217069_1.fastq
SRR3217070_1	/home/shanbhog/skin_microbiome/raw_fastq/SRR3217070_1.fastq
SRR3217071_1	/home/shanbhog/skin_microbiome/raw_fastq/SRR3217071_1.fastq
SRR3217072_1	/home/shanbhog/skin_microbiome/raw_fastq/SRR3217072_1.fastq
SRR3217073_1	/home/shanbhog/skin_microbiome/raw_fastq/SRR3217073_1.fastq
SRR3217074_1	/home/shanbhog/skin_microbiome/raw_fastq/SRR3217074_1.fastq
SRR3217075_1	/home/shanbhog/skin_microbiome/raw_fastq/SRR3217075_1.fastq
SRR3217076_1	/home/shanbhog/skin_microbiome/raw_fastq/SRR3217076_1.fastq
SRR3217077_1	/home/shanbhog/skin_microbiome/raw_fastq/SRR3217077_1.fastq
SRR3217078_1	/home/shanbhog/skin_microbiome/raw_fastq/SRR3217078_1.fastq
SRR3217079_1	/home/shanbhog/skin_microbiome/raw_fastq/SRR3217079_1.fastq
SRR3217080_1	/home/shanbhog/skin_microbiome/raw_fastq/SRR3217080_1.fastq
SRR3217081_1	/home/shanbhog/skin_microbiome/raw_fastq/SRR3217081_1.fastq
SRR3217082_1	/home/shanbhog/skin_microbiome/raw_fastq/SRR3217082_1.fastq
SRR3217083_1	/home/shanbhog/skin_microbiome/raw_fastq/SRR3217083_1.fastq
SRR3217084_1	/home/shanbhog/skin_microbiome/raw_fastq/SRR3217084_1.fastq
SRR3217085_1	/home/shanbhog/skin_microbiome/raw_fastq/SRR3217085_1.fastq
SRR3217086_1	/home/shanbhog/skin_microbiome/raw_fastq/SRR3217086_1.fastq
SRR3217087_1	/home/shanbhog/skin_microbiome/raw_fastq/SRR3217087_1.fastq
SRR3217088_1	/home/shanbhog/skin_microbiome/raw_fastq/SRR3217088_1.fastq
SRR3217089_1	/home/shanbhog/skin_microbiome/raw_fastq/SRR3217089_1.fastq
SRR3217090_1	/home/shanbhog/skin_microbiome/raw_fastq/SRR3217090_1.fastq
SRR3217091_1	/home/shanbhog/skin_microbiome/raw_fastq/SRR3217091_1.fastq
SRR3217092_1	/home/shanbhog/skin_microbiome/raw_fastq/SRR3217092_1.fastq
SRR3217093_1	/home/shanbhog/skin_microbiome/raw_fastq/SRR3217093_1.fastq
SRR3217094_1	/home/shanbhog/skin_microbiome/raw_fastq/SRR3217094_1.fastq
SRR3217095_1	/home/shanbhog/skin_microbiome/raw_fastq/SRR3217095_1.fastq
SRR3217096_1	/home/shanbhog/skin_microbiome/raw_fastq/SRR3217096_1.fastq
SRR3217097_1	/home/shanbhog/skin_microbiome/raw_fastq/SRR3217097_1.fastq
SRR3217098_1	/home/shanbhog/skin_microbiome/raw_fastq/SRR3217098_1.fastq
SRR3217099_1	/home/shanbhog/skin_microbiome/raw_fastq/SRR3217099_1.fastq
SRR3217100_1	/home/shanbhog/skin_microbiome/raw_fastq/SRR3217100_1.fastq
SRR3217101_1	/home/shanbhog/skin_microbiome/raw_fastq/SRR3217101_1.fastq
SRR3217102_1	/home/shanbhog/skin_microbiome/raw_fastq/SRR3217102_1.fastq
SRR3217103_1	/home/shanbhog/skin_microbiome/raw_fastq/SRR3217103_1.fastq
SRR3217104_1	/home/shanbhog/skin_microbiome/raw_fastq/SRR3217104_1.fastq
SRR3217105_1	/home/shanbhog/skin_microbiome/raw_fastq/SRR3217105_1.fastq
SRR3217106_1	/home/shanbhog/skin_microbiome/raw_fastq/SRR3217106_1.fastq
SRR3217107_1	/home/shanbhog/skin_microbiome/raw_fastq/SRR3217107_1.fastq
SRR3217108_1	/home/shanbhog/skin_microbiome/raw_fastq/SRR3217108_1.fastq
SRR3217109_1	/home/shanbhog/skin_microbiome/raw_fastq/SRR3217109_1.fastq
SRR3217110_1	/home/shanbhog/skin_microbiome/raw_fastq/SRR3217110_1.fastq
SRR3217111_1	/home/shanbhog/skin_microbiome/raw_fastq/SRR3217111_1.fastq
SRR3217112_1	/home/shanbhog/skin_microbiome/raw_fastq/SRR3217112_1.fastq
SRR3217113_1	/home/shanbhog/skin_microbiome/raw_fastq/SRR3217113_1.fastq
SRR3217114_1	/home/shanbhog/skin_microbiome/raw_fastq/SRR3217114_1.fastq
SRR3217115_1	/home/shanbhog/skin_microbiome/raw_fastq/SRR3217115_1.fastq
SRR3217116_1	/home/shanbhog/skin_microbiome/raw_fastq/SRR3217116_1.fastq
SRR3217117_1	/home/shanbhog/skin_microbiome/raw_fastq/SRR3217117_1.fastq
SRR3217118_1	/home/shanbhog/skin_microbiome/raw_fastq/SRR3217118_1.fastq
SRR3217119_1	/home/shanbhog/skin_microbiome/raw_fastq/SRR3217119_1.fastq
SRR3217120_1	/home/shanbhog/skin_microbiome/raw_fastq/SRR3217120_1.fastq
SRR3217121_1	/home/shanbhog/skin_microbiome/raw_fastq/SRR3217121_1.fastq
SRR3217122_1	/home/shanbhog/skin_microbiome/raw_fastq/SRR3217122_1.fastq
SRR3217123_1	/home/shanbhog/skin_microbiome/raw_fastq/SRR3217123_1.fastq
SRR3217124_1	/home/shanbhog/skin_microbiome/raw_fastq/SRR3217124_1.fastq
SRR3217125_1	/home/shanbhog/skin_microbiome/raw_fastq/SRR3217125_1.fastq
SRR3217126_1	/home/shanbhog/skin_microbiome/raw_fastq/SRR3217126_1.fastq
SRR3217127_1	/home/shanbhog/skin_microbiome/raw_fastq/SRR3217127_1.fastq
SRR3217128_1	/home/shanbhog/skin_microbiome/raw_fastq/SRR3217128_1.fastq
SRR3217129_1	/home/shanbhog/skin_microbiome/raw_fastq/SRR3217129_1.fastq
SRR3217130_1	/home/shanbhog/skin_microbiome/raw_fastq/SRR3217130_1.fastq
SRR3217131_1	/home/shanbhog/skin_microbiome/raw_fastq/SRR3217131_1.fastq
SRR3217132_1	/home/shanbhog/skin_microbiome/raw_fastq/SRR3217132_1.fastq
SRR3217133_1	/home/shanbhog/skin_microbiome/raw_fastq/SRR3217133_1.fastq
SRR3217134_1	/home/shanbhog/skin_microbiome/raw_fastq/SRR3217134_1.fastq
SRR3217135_1	/home/shanbhog/skin_microbiome/raw_fastq/SRR3217135_1.fastq
SRR3217136_1	/home/shanbhog/skin_microbiome/raw_fastq/SRR3217136_1.fastq
SRR3217137_1	/home/shanbhog/skin_microbiome/raw_fastq/SRR3217137_1.fastq
SRR3217138_1	/home/shanbhog/skin_microbiome/raw_fastq/SRR3217138_1.fastq
SRR3217139_1	/home/shanbhog/skin_microbiome/raw_fastq/SRR3217139_1.fastq
SRR3217140_1	/home/shanbhog/skin_microbiome/raw_fastq/SRR3217140_1.fastq
SRR3217141_1	/home/shanbhog/skin_microbiome/raw_fastq/SRR3217141_1.fastq
SRR3217142_1	/home/shanbhog/skin_microbiome/raw_fastq/SRR3217142_1.fastq
SRR3217143_1	/home/shanbhog/skin_microbiome/raw_fastq/SRR3217143_1.fastq
SRR3217144_1	/home/shanbhog/skin_microbiome/raw_fastq/SRR3217144_1.fastq
SRR3217145_1	/home/shanbhog/skin_microbiome/raw_fastq/SRR3217145_1.fastq
SRR3217146_1	/home/shanbhog/skin_microbiome/raw_fastq/SRR3217146_1.fastq
SRR3217147_1	/home/shanbhog/skin_microbiome/raw_fastq/SRR3217147_1.fastq
SRR3217148_1	/home/shanbhog/skin_microbiome/raw_fastq/SRR3217148_1.fastq
SRR3217149_1	/home/shanbhog/skin_microbiome/raw_fastq/SRR3217149_1.fastq
SRR3217150_1	/home/shanbhog/skin_microbiome/raw_fastq/SRR3217150_1.fastq
SRR3217151_1	/home/shanbhog/skin_microbiome/raw_fastq/SRR3217151_1.fastq
SRR3217152_1	/home/shanbhog/skin_microbiome/raw_fastq/SRR3217152_1.fastq
SRR3217153_1	/home/shanbhog/skin_microbiome/raw_fastq/SRR3217153_1.fastq
SRR3217154_1	/home/shanbhog/skin_microbiome/raw_fastq/SRR3217154_1.fastq
SRR3217155_1	/home/shanbhog/skin_microbiome/raw_fastq/SRR3217155_1.fastq
SRR3217156_1	/home/shanbhog/skin_microbiome/raw_fastq/SRR3217156_1.fastq
SRR3217157_1	/home/shanbhog/skin_microbiome/raw_fastq/SRR3217157_1.fastq
SRR3217158_1	/home/shanbhog/skin_microbiome/raw_fastq/SRR3217158_1.fastq
SRR3217159_1	/home/shanbhog/skin_microbiome/raw_fastq/SRR3217159_1.fastq
SRR3217160_1	/home/shanbhog/skin_microbiome/raw_fastq/SRR3217160_1.fastq
SRR3217161_1	/home/shanbhog/skin_microbiome/raw_fastq/SRR3217161_1.fastq
SRR3217162_1	/home/shanbhog/skin_microbiome/raw_fastq/SRR3217162_1.fastq
SRR3217163_1	/home/shanbhog/skin_microbiome/raw_fastq/SRR3217163_1.fastq
SRR3217164_1	/home/shanbhog/skin_microbiome/raw_fastq/SRR3217164_1.fastq
SRR3217165_1	/home/shanbhog/skin_microbiome/raw_fastq/SRR3217165_1.fastq
SRR3217166_1	/home/shanbhog/skin_microbiome/raw_fastq/SRR3217166_1.fastq
SRR3217167_1	/home/shanbhog/skin_microbiome/raw_fastq/SRR3217167_1.fastq
SRR3217168_1	/home/shanbhog/skin_microbiome/raw_fastq/SRR3217168_1.fastq
SRR3217169_1	/home/shanbhog/skin_microbiome/raw_fastq/SRR3217169_1.fastq
SRR3217170_1	/home/shanbhog/skin_microbiome/raw_fastq/SRR3217170_1.fastq
SRR3217171_1	/home/shanbhog/skin_microbiome/raw_fastq/SRR3217171_1.fastq
SRR3217172_1	/home/shanbhog/skin_microbiome/raw_fastq/SRR3217172_1.fastq
SRR3217173_1	/home/shanbhog/skin_microbiome/raw_fastq/SRR3217173_1.fastq
SRR3217174_1	/home/shanbhog/skin_microbiome/raw_fastq/SRR3217174_1.fastq
SRR3217175_1	/home/shanbhog/skin_microbiome/raw_fastq/SRR3217175_1.fastq
SRR3217176_1	/home/shanbhog/skin_microbiome/raw_fastq/SRR3217176_1.fastq
SRR3217177_1	/home/shanbhog/skin_microbiome/raw_fastq/SRR3217177_1.fastq
SRR3217178_1	/home/shanbhog/skin_microbiome/raw_fastq/SRR3217178_1.fastq
SRR3217179_1	/home/shanbhog/skin_microbiome/raw_fastq/SRR3217179_1.fastq
SRR3217180_1	/home/shanbhog/skin_microbiome/raw_fastq/SRR3217180_1.fastq
SRR3217181_1	/home/shanbhog/skin_microbiome/raw_fastq/SRR3217181_1.fastq
SRR3217182_1	/home/shanbhog/skin_microbiome/raw_fastq/SRR3217182_1.fastq
SRR3217183_1	/home/shanbhog/skin_microbiome/raw_fastq/SRR3217183_1.fastq
SRR3217184_1	/home/shanbhog/skin_microbiome/raw_fastq/SRR3217184_1.fastq
SRR3217185_1	/home/shanbhog/skin_microbiome/raw_fastq/SRR3217185_1.fastq
SRR3217186_1	/home/shanbhog/skin_microbiome/raw_fastq/SRR3217186_1.fastq
SRR3217187_1	/home/shanbhog/skin_microbiome/raw_fastq/SRR3217187_1.fastq
SRR3217188_1	/home/shanbhog/skin_microbiome/raw_fastq/SRR3217188_1.fastq
SRR3217189_1	/home/shanbhog/skin_microbiome/raw_fastq/SRR3217189_1.fastq
SRR3217190_1	/home/shanbhog/skin_microbiome/raw_fastq/SRR3217190_1.fastq
SRR3217191_1	/home/shanbhog/skin_microbiome/raw_fastq/SRR3217191_1.fastq
SRR3217192_1	/home/shanbhog/skin_microbiome/raw_fastq/SRR3217192_1.fastq
SRR3217193_1	/home/shanbhog/skin_microbiome/raw_fastq/SRR3217193_1.fastq
SRR3217194_1	/home/shanbhog/skin_microbiome/raw_fastq/SRR3217194_1.fastq
SRR3217195_1	/home/shanbhog/skin_microbiome/raw_fastq/SRR3217195_1.fastq
SRR3217196_1	/home/shanbhog/skin_microbiome/raw_fastq/SRR3217196_1.fastq
SRR3217197_1	/home/shanbhog/skin_microbiome/raw_fastq/SRR3217197_1.fastq
SRR3217198_1	/home/shanbhog/skin_microbiome/raw_fastq/SRR3217198_1.fastq
SRR3217199_1	/home/shanbhog/skin_microbiome/raw_fastq/SRR3217199_1.fastq
SRR3217200_1	/home/shanbhog/skin_microbiome/raw_fastq/SRR3217200_1.fastq
SRR3217201_1	/home/shanbhog/skin_microbiome/raw_fastq/SRR3217201_1.fastq
SRR3217202_1	/home/shanbhog/skin_microbiome/raw_fastq/SRR3217202_1.fastq
SRR3217203_1	/home/shanbhog/skin_microbiome/raw_fastq/SRR3217203_1.fastq
SRR3217204_1	/home/shanbhog/skin_microbiome/raw_fastq/SRR3217204_1.fastq
SRR3217205_1	/home/shanbhog/skin_microbiome/raw_fastq/SRR3217205_1.fastq
SRR3217206_1	/home/shanbhog/skin_microbiome/raw_fastq/SRR3217206_1.fastq
SRR3217207_1	/home/shanbhog/skin_microbiome/raw_fastq/SRR3217207_1.fastq
SRR3217208_1	/home/shanbhog/skin_microbiome/raw_fastq/SRR3217208_1.fastq
SRR3217209_1	/home/shanbhog/skin_microbiome/raw_fastq/SRR3217209_1.fastq
SRR3217210_1	/home/shanbhog/skin_microbiome/raw_fastq/SRR3217210_1.fastq
SRR3217211_1	/home/shanbhog/skin_microbiome/raw_fastq/SRR3217211_1.fastq
SRR3217212_1	/home/shanbhog/skin_microbiome/raw_fastq/SRR3217212_1.fastq
SRR3217213_1	/home/shanbhog/skin_microbiome/raw_fastq/SRR3217213_1.fastq
SRR3217214_1	/home/shanbhog/skin_microbiome/raw_fastq/SRR3217214_1.fastq
SRR3217215_1	/home/shanbhog/skin_microbiome/raw_fastq/SRR3217215_1.fastq
SRR3217216_1	/home/shanbhog/skin_microbiome/raw_fastq/SRR3217216_1.fastq
SRR3217217_1	/home/shanbhog/skin_microbiome/raw_fastq/SRR3217217_1.fastq
SRR3217218_1	/home/shanbhog/skin_microbiome/raw_fastq/SRR3217218_1.fastq
SRR3217219_1	/home/shanbhog/skin_microbiome/raw_fastq/SRR3217219_1.fastq
SRR3217220_1	/home/shanbhog/skin_microbiome/raw_fastq/SRR3217220_1.fastq
SRR3217221_1	/home/shanbhog/skin_microbiome/raw_fastq/SRR3217221_1.fastq
SRR3217222_1	/home/shanbhog/skin_microbiome/raw_fastq/SRR3217222_1.fastq
SRR3217223_1	/home/shanbhog/skin_microbiome/raw_fastq/SRR3217223_1.fastq
SRR3217224_1	/home/shanbhog/skin_microbiome/raw_fastq/SRR3217224_1.fastq
SRR3217225_1	/home/shanbhog/skin_microbiome/raw_fastq/SRR3217225_1.fastq
SRR3217226_1	/home/shanbhog/skin_microbiome/raw_fastq/SRR3217226_1.fastq
SRR3217227_1	/home/shanbhog/skin_microbiome/raw_fastq/SRR3217227_1.fastq
SRR3217228_1	/home/shanbhog/skin_microbiome/raw_fastq/SRR3217228_1.fastq
SRR3217229_1	/home/shanbhog/skin_microbiome/raw_fastq/SRR3217229_1.fastq
SRR3217230_1	/home/shanbhog/skin_microbiome/raw_fastq/SRR3217230_1.fastq
SRR3217231_1	/home/shanbhog/skin_microbiome/raw_fastq/SRR3217231_1.fastq
SRR3217232_1	/home/shanbhog/skin_microbiome/raw_fastq/SRR3217232_1.fastq
SRR3217233_1	/home/shanbhog/skin_microbiome/raw_fastq/SRR3217233_1.fastq
